[
  {
    "id": "c076a48f-efd4-40c8-943a-3ef36e36a8ca",
    "data": [
      {
        "text": "I would like to order",
        "userDefined": false
      }
    ],
    "isTemplate": false,
    "count": 0,
    "lang": "en",
    "updated": 0
  },
  {
    "id": "3bca00b1-c630-43e0-a866-f39ad8638089",
    "data": [
      {
        "text": "i would like to start a new order",
        "userDefined": false
      }
    ],
    "isTemplate": false,
    "count": 0,
    "lang": "en",
    "updated": 0
  },
  {
    "id": "b26caf36-72e2-482c-b122-f82134ae2a18",
    "data": [
      {
        "text": "start a new order",
        "userDefined": false
      }
    ],
    "isTemplate": false,
    "count": 0,
    "lang": "en",
    "updated": 0
  },
  {
    "id": "9be84054-564e-48ea-8afd-6162d3f8bb8a",
    "data": [
      {
        "text": "create a brand new order",
        "userDefined": false
      }
    ],
    "isTemplate": false,
    "count": 0,
    "lang": "en",
    "updated": 0
  },
  {
    "id": "eccde47d-292c-4824-a260-edb2064cf8d0",
    "data": [
      {
        "text": "generate new order",
        "userDefined": false
      }
    ],
    "isTemplate": false,
    "count": 0,
    "lang": "en",
    "updated": 0
  },
  {
    "id": "01624163-d89c-48d7-83f8-48d59dd960bd",
    "data": [
      {
        "text": "place new order",
        "userDefined": false
      }
    ],
    "isTemplate": false,
    "count": 0,
    "lang": "en",
    "updated": 0
  },
  {
    "id": "a72cb273-89dd-454b-b36f-910f9605cca0",
    "data": [
      {
        "text": "add new order",
        "userDefined": false
      }
    ],
    "isTemplate": false,
    "count": 0,
    "lang": "en",
    "updated": 0
  },
  {
    "id": "2f0a0388-583f-4f8e-aeaa-41fc03f60123",
    "data": [
      {
        "text": "new order",
        "userDefined": false
      }
    ],
    "isTemplate": false,
    "count": 0,
    "lang": "en",
    "updated": 0
  }
]