[
  {
    "id": "b4f707ed-55a4-473b-96e2-ceb5dd0f171f",
    "data": [
      {
        "text": "How long before the restaurant opens ?",
        "userDefined": false
      }
    ],
    "isTemplate": false,
    "count": 0,
    "lang": "en",
    "updated": 0
  },
  {
    "id": "d7d3bb6d-acd0-41f6-b8de-c83cfc9e0bfe",
    "data": [
      {
        "text": "How long before the store opens?",
        "userDefined": false
      }
    ],
    "isTemplate": false,
    "count": 0,
    "lang": "en",
    "updated": 0
  },
  {
    "id": "47240433-65b3-46a9-a8d7-1965eb7f40e0",
    "data": [
      {
        "text": "When can I order?",
        "userDefined": false
      }
    ],
    "isTemplate": false,
    "count": 0,
    "lang": "en",
    "updated": 0
  },
  {
    "id": "3e6865db-9257-4964-93cf-b5292b69fe83",
    "data": [
      {
        "text": "What time does the store close?",
        "userDefined": false
      }
    ],
    "isTemplate": false,
    "count": 0,
    "lang": "en",
    "updated": 0
  },
  {
    "id": "5d45a2d6-2f52-4c07-b8a5-c25c597a2cc3",
    "data": [
      {
        "text": "When does the store open?",
        "userDefined": false
      }
    ],
    "isTemplate": false,
    "count": 0,
    "lang": "en",
    "updated": 0
  },
  {
    "id": "2b680498-9cd5-4ed8-acae-5f44a40bdd23",
    "data": [
      {
        "text": "What time does the store open?",
        "userDefined": false
      }
    ],
    "isTemplate": false,
    "count": 0,
    "lang": "en",
    "updated": 0
  }
]