[
  {
    "id": "badcb088-253f-49d6-882c-b723a8053816",
    "data": [
      {
        "text": "my order id is ",
        "userDefined": false
      },
      {
        "text": "51",
        "meta": "@order_id",
        "alias": "order_id",
        "userDefined": false
      }
    ],
    "isTemplate": false,
    "count": 0,
    "lang": "en",
    "updated": 0
  },
  {
    "id": "93f6081c-cbb2-4fca-8621-a790f8aea230",
    "data": [
      {
        "text": "77777",
        "meta": "@order_id",
        "alias": "order_id",
        "userDefined": false
      }
    ],
    "isTemplate": false,
    "count": 0,
    "lang": "en",
    "updated": 0
  },
  {
    "id": "a1c05518-3548-4929-85fb-aa309896950d",
    "data": [
      {
        "text": "order id is ",
        "userDefined": false
      },
      {
        "text": "41",
        "meta": "@order_id",
        "alias": "order_id",
        "userDefined": false
      }
    ],
    "isTemplate": false,
    "count": 0,
    "lang": "en",
    "updated": 0
  },
  {
    "id": "9c724e88-1d45-4e20-8ce9-bf150934b7e2",
    "data": [
      {
        "text": "41",
        "meta": "@order_id",
        "alias": "order_id",
        "userDefined": false
      }
    ],
    "isTemplate": false,
    "count": 0,
    "lang": "en",
    "updated": 0
  },
  {
    "id": "fd1173fd-44f4-4d32-90b0-a9cdde9d3d7d",
    "data": [
      {
        "text": "1234",
        "meta": "@order_id",
        "alias": "order_id",
        "userDefined": false
      }
    ],
    "isTemplate": false,
    "count": 0,
    "lang": "en",
    "updated": 0
  },
  {
    "id": "aa0cc751-cf97-4850-914c-f3226ab9f470",
    "data": [
      {
        "text": "345",
        "meta": "@order_id",
        "alias": "order_id",
        "userDefined": false
      }
    ],
    "isTemplate": false,
    "count": 0,
    "lang": "en",
    "updated": 0
  },
  {
    "id": "684f9eb1-9e61-47e5-be4b-1c32833fdb3b",
    "data": [
      {
        "text": "123",
        "meta": "@order_id",
        "alias": "order_id",
        "userDefined": false
      }
    ],
    "isTemplate": false,
    "count": 0,
    "lang": "en",
    "updated": 0
  },
  {
    "id": "2f235791-af16-48a4-bd9c-85073a7f5a17",
    "data": [
      {
        "text": "7890",
        "meta": "@order_id",
        "alias": "order_id",
        "userDefined": false
      }
    ],
    "isTemplate": false,
    "count": 0,
    "lang": "en",
    "updated": 0
  },
  {
    "id": "5e111038-0122-47fb-914d-3513956bb039",
    "data": [
      {
        "text": "here is my order id # ",
        "userDefined": false
      },
      {
        "text": "341",
        "meta": "@order_id",
        "alias": "order_id",
        "userDefined": false
      }
    ],
    "isTemplate": false,
    "count": 0,
    "lang": "en",
    "updated": 0
  },
  {
    "id": "4b22a7cc-ecb5-4c94-b2be-6c07d2eb034c",
    "data": [
      {
        "text": "id is ",
        "userDefined": false
      },
      {
        "text": "453",
        "meta": "@order_id",
        "alias": "order_id",
        "userDefined": false
      }
    ],
    "isTemplate": false,
    "count": 0,
    "lang": "en",
    "updated": 0
  },
  {
    "id": "d0b38828-b096-4395-9bbd-f94544740809",
    "data": [
      {
        "text": "here is my order number ",
        "userDefined": false
      },
      {
        "text": "675",
        "meta": "@order_id",
        "alias": "order_id",
        "userDefined": false
      }
    ],
    "isTemplate": false,
    "count": 0,
    "lang": "en",
    "updated": 0
  },
  {
    "id": "1ba6e33e-0fb6-4cc9-9978-70f5cdc80447",
    "data": [
      {
        "text": "here you go: ",
        "userDefined": false
      },
      {
        "text": "123",
        "meta": "@order_id",
        "alias": "order_id",
        "userDefined": false
      }
    ],
    "isTemplate": false,
    "count": 0,
    "lang": "en",
    "updated": 0
  },
  {
    "id": "d31d2caf-20bf-4b72-9fd2-c2dbee192fcf",
    "data": [
      {
        "text": "here it is - ",
        "userDefined": false
      },
      {
        "text": "63321",
        "meta": "@order_id",
        "alias": "order_id",
        "userDefined": false
      }
    ],
    "isTemplate": false,
    "count": 0,
    "lang": "en",
    "updated": 0
  },
  {
    "id": "8d33a699-2665-4387-9d4a-e36181f4a72f",
    "data": [
      {
        "text": "how about ",
        "userDefined": false
      },
      {
        "text": "40",
        "meta": "@order_id",
        "alias": "order_id",
        "userDefined": false
      },
      {
        "text": "?",
        "userDefined": false
      }
    ],
    "isTemplate": false,
    "count": 0,
    "lang": "en",
    "updated": 0
  },
  {
    "id": "c8e08a4f-94d3-4306-b45e-0d223983f4bf",
    "data": [
      {
        "text": "how about ",
        "userDefined": false
      },
      {
        "text": "32",
        "meta": "@order_id",
        "alias": "order_id",
        "userDefined": false
      }
    ],
    "isTemplate": false,
    "count": 0,
    "lang": "en",
    "updated": 0
  }
]