[
  {
    "id": "4baa1009-a000-4e8f-9b86-c8b837d656ab",
    "data": [
      {
        "text": "status of my order",
        "userDefined": false
      }
    ],
    "isTemplate": false,
    "count": 0,
    "lang": "en",
    "updated": 0
  },
  {
    "id": "c9dc9043-cdfb-4d63-b099-722ce6023fc6",
    "data": [
      {
        "text": "order tracking",
        "userDefined": false
      }
    ],
    "isTemplate": false,
    "count": 0,
    "lang": "en",
    "updated": 0
  },
  {
    "id": "28dfcabe-1851-474e-b671-73d44b502e1d",
    "data": [
      {
        "text": "order track",
        "userDefined": false
      }
    ],
    "isTemplate": false,
    "count": 0,
    "lang": "en",
    "updated": 0
  },
  {
    "id": "bf4f482e-f223-4172-b6f4-9d1084cb62ec",
    "data": [
      {
        "text": "please track my order",
        "userDefined": false
      }
    ],
    "isTemplate": false,
    "count": 0,
    "lang": "en",
    "updated": 0
  },
  {
    "id": "57228945-7184-40e0-b205-f1f20090811d",
    "data": [
      {
        "text": "where is my order",
        "userDefined": false
      }
    ],
    "isTemplate": false,
    "count": 0,
    "lang": "en",
    "updated": 0
  },
  {
    "id": "20f8383a-7b12-46e2-8283-8c801e336dbe",
    "data": [
      {
        "text": "track my order",
        "userDefined": false
      }
    ],
    "isTemplate": false,
    "count": 0,
    "lang": "en",
    "updated": 0
  },
  {
    "id": "71603c88-cb53-47be-9773-06224dba937f",
    "data": [
      {
        "text": "track existing order",
        "userDefined": false
      }
    ],
    "isTemplate": false,
    "count": 0,
    "lang": "en",
    "updated": 0
  },
  {
    "id": "14b290eb-6e04-4037-9c49-7ebe5e680b48",
    "data": [
      {
        "text": "track order",
        "userDefined": false
      }
    ],
    "isTemplate": false,
    "count": 0,
    "lang": "en",
    "updated": 0
  },
  {
    "id": "c8906641-bc69-47c1-a98c-8493a2c80147",
    "data": [
      {
        "text": "check the status of my order",
        "userDefined": false
      }
    ],
    "isTemplate": false,
    "count": 0,
    "lang": "en",
    "updated": 0
  }
]