[
  {
    "value": "Pav Bhaji",
    "synonyms": [
      "pav bhaji",
      "bhaji pav",
      "pav",
      "mumbai pav",
      "pavs"
    ]
  },
  {
    "value": "Chole Bhature",
    "synonyms": [
      "chole",
      "Chole",
      "Chhole"
    ]
  },
  {
    "value": "Pizza",
    "synonyms": [
      "Pizza",
      "Cheese Pizza",
      "pizzas"
    ]
  },
  {
    "value": "Vegatable Biryani",
    "synonyms": [
      "Biryani",
      "Vegetable Rice"
    ]
  },
  {
    "value": "Rava Dosa",
    "synonyms": [
      "Rava Dosai",
      "Masala Dosai"
    ]
  },
  {
    "value": "Vada Pav",
    "synonyms": [
      "Vada Pav",
      "Vada Paav"
    ]
  },
  {
    "value": "Samosa",
    "synonyms": [
      "Samosa"
    ]
  },
  {
    "value": "Mango Lassi",
    "synonyms": [
      "Mango Lassi",
      "Lassi"
    ]
  },
  {
    "value": "Masala Dosa",
    "synonyms": [
      "Masala Dosa",
      "Masala Dosai",
      "Dosa",
      "Dosai"
    ]
  }
]