[
  {
    "value": "345",
    "synonyms": [
      "345"
    ]
  },
  {
    "value": "12345",
    "synonyms": [
      "12345"
    ]
  },
  {
    "value": "357",
    "synonyms": [
      "357"
    ]
  },
  {
    "value": "9001",
    "synonyms": [
      "9001"
    ]
  },
  {
    "value": "254769",
    "synonyms": [
      "254769"
    ]
  },
  {
    "value": "254650",
    "synonyms": [
      "254650"
    ]
  },
  {
    "value": "100",
    "synonyms": [
      "100",
      "1000",
      "1834"
    ]
  },
  {
    "value": "1234",
    "synonyms": [
      "1234"
    ]
  },
  {
    "value": "5678",
    "synonyms": [
      "5678"
    ]
  },
  {
    "value": "123556",
    "synonyms": [
      "123556"
    ]
  }
]